/*
Navicat MySQL Data Transfer

Source Server         : localhost
Source Server Version : 80012
Source Host           : localhost:3306
Source Database       : light4admin

Target Server Type    : MYSQL
Target Server Version : 80012
File Encoding         : 65001

Date: 2021-05-01 00:32:24
*/

SET FOREIGN_KEY_CHECKS=0;

-- ----------------------------
-- Table structure for sys_config
-- ----------------------------
DROP TABLE IF EXISTS `sys_config`;
CREATE TABLE `sys_config` (
  `config_id` int(5) NOT NULL AUTO_INCREMENT COMMENT '参数主键',
  `config_name` varchar(100) DEFAULT '' COMMENT '参数名称',
  `config_key` varchar(100) DEFAULT '' COMMENT '参数键名',
  `config_value` varchar(500) DEFAULT '' COMMENT '参数键值',
  `config_type` char(1) DEFAULT 'N' COMMENT '系统内置（Y是 N否）',
  `create_by` varchar(64) DEFAULT '' COMMENT '创建者',
  `create_time` timestamp NULL DEFAULT CURRENT_TIMESTAMP COMMENT '创建时间',
  `update_by` varchar(64) DEFAULT '' COMMENT '更新者',
  `update_time` timestamp NULL DEFAULT NULL ON UPDATE CURRENT_TIMESTAMP COMMENT '更新时间',
  `remark` varchar(500) DEFAULT NULL COMMENT '备注',
  PRIMARY KEY (`config_id`)
) ENGINE=InnoDB AUTO_INCREMENT=100 DEFAULT CHARSET=utf8 COMMENT='参数配置表';

-- ----------------------------
-- Records of sys_config
-- ----------------------------
INSERT INTO `sys_config` VALUES ('1', '主框架页-默认皮肤样式名称', 'sys.index.skinName', 'skin-blue', 'Y', 'admin', '2021-04-27 17:37:39', '', null, '蓝色 skin-blue、绿色 skin-green、紫色 skin-purple、红色 skin-red、黄色 skin-yellow');
INSERT INTO `sys_config` VALUES ('2', '用户管理-账号初始密码', 'sys.user.initPassword', '123456', 'Y', 'admin', '2021-04-27 17:37:39', '', null, '初始化密码 123456');
INSERT INTO `sys_config` VALUES ('3', '主框架页-侧边栏主题', 'sys.index.sideTheme', 'theme-dark', 'Y', 'admin', '2021-04-27 17:37:39', '', null, '深色主题theme-dark，浅色主题theme-light');

-- ----------------------------
-- Table structure for sys_dept
-- ----------------------------
DROP TABLE IF EXISTS `sys_dept`;
CREATE TABLE `sys_dept` (
  `dept_id` bigint(20) NOT NULL AUTO_INCREMENT COMMENT '部门id',
  `parent_id` bigint(20) DEFAULT '0' COMMENT '父部门id',
  `ancestors` varchar(50) DEFAULT '' COMMENT '祖级列表',
  `dept_name` varchar(30) DEFAULT '' COMMENT '部门名称',
  `order_num` int(4) DEFAULT '0' COMMENT '显示顺序',
  `leader` varchar(20) DEFAULT NULL COMMENT '负责人',
  `phone` varchar(11) DEFAULT NULL COMMENT '联系电话',
  `email` varchar(50) DEFAULT NULL COMMENT '邮箱',
  `status` char(1) DEFAULT '1' COMMENT '部门状态（1正常 0停用）',
  `del_flag` char(1) DEFAULT '0' COMMENT '删除标志（0代表存在 1代表删除）',
  `create_by` varchar(64) DEFAULT '' COMMENT '创建者',
  `create_time` timestamp NULL DEFAULT CURRENT_TIMESTAMP COMMENT '创建时间',
  `update_by` varchar(64) DEFAULT '' COMMENT '更新者',
  `update_time` timestamp NULL DEFAULT NULL ON UPDATE CURRENT_TIMESTAMP COMMENT '更新时间',
  PRIMARY KEY (`dept_id`)
) ENGINE=InnoDB AUTO_INCREMENT=200 DEFAULT CHARSET=utf8 COMMENT='部门表';

-- ----------------------------
-- Records of sys_dept
-- ----------------------------
INSERT INTO `sys_dept` VALUES ('100', '0', '0', '科技', '0', '若依', '15888888888', 'ry@qq.com', '1', '0', 'admin', '2021-04-27 17:37:33', 'admin', '2021-04-28 23:45:33');
INSERT INTO `sys_dept` VALUES ('101', '100', '0,100', '深圳总公司', '1', '若依', '15888888888', 'ry@qq.com', '1', '0', 'admin', '2021-04-27 17:37:34', '', '2021-04-28 23:45:33');
INSERT INTO `sys_dept` VALUES ('102', '100', '0,100', '长沙分公司', '2', '若依', '15888888888', 'ry@qq.com', '1', '1', 'admin', '2021-04-27 17:37:34', '', '2021-04-29 00:18:14');
INSERT INTO `sys_dept` VALUES ('103', '101', '0,100,101', '研发部门', '1', '若依', '15888888888', 'ry@qq.com', '1', '0', 'admin', '2021-04-27 17:37:34', '', '2021-04-28 23:45:33');
INSERT INTO `sys_dept` VALUES ('104', '101', '0,100,101', '市场部门', '2', '若依', '15888888888', 'ry@qq.com', '1', '1', 'admin', '2021-04-27 17:37:34', '', '2021-04-29 00:18:20');
INSERT INTO `sys_dept` VALUES ('105', '101', '0,100,101', '测试部门', '3', '若依', '15888888888', 'ry@qq.com', '1', '1', 'admin', '2021-04-27 17:37:34', '', '2021-04-29 00:18:20');
INSERT INTO `sys_dept` VALUES ('106', '101', '0,100,101', '财务部门', '4', '若依', '15888888888', 'ry@qq.com', '1', '1', 'admin', '2021-04-27 17:37:34', '', '2021-04-29 00:18:20');
INSERT INTO `sys_dept` VALUES ('107', '101', '0,100,101', '运维部门', '5', '若依', '15888888888', 'ry@qq.com', '1', '1', 'admin', '2021-04-27 17:37:34', '', '2021-04-29 00:18:20');
INSERT INTO `sys_dept` VALUES ('108', '102', '0,100,102', '市场部门', '1', '若依', '15888888888', 'ry@qq.com', '1', '1', 'admin', '2021-04-27 17:37:34', '', '2021-04-29 00:18:20');
INSERT INTO `sys_dept` VALUES ('109', '102', '0,100,102', '财务部门', '2', '若依', '15888888888', 'ry@qq.com', '1', '1', 'admin', '2021-04-27 17:37:34', '', '2021-04-29 00:18:20');

-- ----------------------------
-- Table structure for sys_dict_data
-- ----------------------------
DROP TABLE IF EXISTS `sys_dict_data`;
CREATE TABLE `sys_dict_data` (
  `dict_code` bigint(20) NOT NULL AUTO_INCREMENT COMMENT '字典编码',
  `dict_sort` int(4) DEFAULT '0' COMMENT '字典排序',
  `dict_label` varchar(100) DEFAULT '' COMMENT '字典标签',
  `dict_value` varchar(100) DEFAULT '' COMMENT '字典键值',
  `dict_type` varchar(100) DEFAULT '' COMMENT '字典类型',
  `css_class` varchar(100) DEFAULT NULL COMMENT '样式属性（其他样式扩展）',
  `list_class` varchar(100) DEFAULT NULL COMMENT '表格回显样式',
  `is_default` char(1) DEFAULT 'N' COMMENT '是否默认（Y是 N否）',
  `status` char(1) DEFAULT '1' COMMENT '状态（1正常 0停用）',
  `create_by` varchar(64) DEFAULT '' COMMENT '创建者',
  `create_time` timestamp NULL DEFAULT CURRENT_TIMESTAMP COMMENT '创建时间',
  `update_by` varchar(64) DEFAULT '' COMMENT '更新者',
  `update_time` timestamp NULL DEFAULT NULL ON UPDATE CURRENT_TIMESTAMP COMMENT '更新时间',
  `remark` varchar(500) DEFAULT NULL COMMENT '备注',
  PRIMARY KEY (`dict_code`)
) ENGINE=InnoDB AUTO_INCREMENT=100 DEFAULT CHARSET=utf8 COMMENT='字典数据表';

-- ----------------------------
-- Records of sys_dict_data
-- ----------------------------
INSERT INTO `sys_dict_data` VALUES ('1', '1', '男', '0', 'sys_user_sex', '', '', 'Y', '1', 'admin', '2021-04-27 17:37:38', '', '2021-04-28 23:48:06', '性别男');
INSERT INTO `sys_dict_data` VALUES ('2', '2', '女', '1', 'sys_user_sex', '', '', 'N', '1', 'admin', '2021-04-27 17:37:38', '', '2021-04-28 23:48:06', '性别女');
INSERT INTO `sys_dict_data` VALUES ('3', '3', '未知', '2', 'sys_user_sex', '', '', 'N', '1', 'admin', '2021-04-27 17:37:38', '', '2021-04-28 23:48:06', '性别未知');
INSERT INTO `sys_dict_data` VALUES ('4', '1', '显示', '1', 'sys_show_hide', '', 'primary', 'Y', '1', 'admin', '2021-04-27 17:37:38', '', '2021-04-30 23:10:16', '显示菜单');
INSERT INTO `sys_dict_data` VALUES ('5', '2', '隐藏', '0', 'sys_show_hide', '', 'danger', 'N', '1', 'admin', '2021-04-27 17:37:38', '', '2021-04-30 23:10:11', '隐藏菜单');
INSERT INTO `sys_dict_data` VALUES ('6', '1', '正常', '1', 'sys_normal_disable', '', 'primary', 'Y', '1', 'admin', '2021-04-27 17:37:38', '', '2021-04-30 23:10:09', '正常状态');
INSERT INTO `sys_dict_data` VALUES ('7', '2', '停用', '0', 'sys_normal_disable', '', 'danger', 'N', '1', 'admin', '2021-04-27 17:37:38', '', '2021-04-30 23:10:07', '停用状态');
INSERT INTO `sys_dict_data` VALUES ('8', '1', '正常', '1', 'sys_job_status', '', 'primary', 'Y', '1', 'admin', '2021-04-27 17:37:38', '', '2021-04-30 23:10:23', '正常状态');
INSERT INTO `sys_dict_data` VALUES ('9', '2', '暂停', '0', 'sys_job_status', '', 'danger', 'N', '1', 'admin', '2021-04-27 17:37:38', '', '2021-04-30 23:10:19', '停用状态');
INSERT INTO `sys_dict_data` VALUES ('10', '1', '默认', 'DEFAULT', 'sys_job_group', '', '', 'Y', '1', 'admin', '2021-04-27 17:37:38', '', '2021-04-28 23:48:06', '默认分组');
INSERT INTO `sys_dict_data` VALUES ('11', '2', '系统', 'SYSTEM', 'sys_job_group', '', '', 'N', '1', 'admin', '2021-04-27 17:37:38', '', '2021-04-28 23:48:06', '系统分组');
INSERT INTO `sys_dict_data` VALUES ('12', '1', '是', 'Y', 'sys_yes_no', '', 'primary', 'Y', '1', 'admin', '2021-04-27 17:37:38', '', '2021-04-28 23:48:06', '系统默认是');
INSERT INTO `sys_dict_data` VALUES ('13', '2', '否', 'N', 'sys_yes_no', '', 'danger', 'N', '1', 'admin', '2021-04-27 17:37:39', '', '2021-04-28 23:48:06', '系统默认否');
INSERT INTO `sys_dict_data` VALUES ('14', '1', '通知', '1', 'sys_notice_type', '', 'warning', 'Y', '1', 'admin', '2021-04-27 17:37:39', '', '2021-04-28 23:48:06', '通知');
INSERT INTO `sys_dict_data` VALUES ('15', '2', '公告', '2', 'sys_notice_type', '', 'success', 'N', '1', 'admin', '2021-04-27 17:37:39', '', '2021-04-28 23:48:06', '公告');
INSERT INTO `sys_dict_data` VALUES ('16', '1', '正常', '1', 'sys_notice_status', '', 'primary', 'Y', '1', 'admin', '2021-04-27 17:37:39', '', '2021-04-30 23:10:29', '正常状态');
INSERT INTO `sys_dict_data` VALUES ('17', '2', '关闭', '0', 'sys_notice_status', '', 'danger', 'N', '1', 'admin', '2021-04-27 17:37:39', '', '2021-04-30 23:10:32', '关闭状态');
INSERT INTO `sys_dict_data` VALUES ('18', '1', '新增', '1', 'sys_oper_type', '', 'info', 'N', '1', 'admin', '2021-04-27 17:37:39', '', '2021-04-28 23:48:06', '新增操作');
INSERT INTO `sys_dict_data` VALUES ('19', '2', '修改', '2', 'sys_oper_type', '', 'info', 'N', '1', 'admin', '2021-04-27 17:37:39', '', '2021-04-28 23:48:06', '修改操作');
INSERT INTO `sys_dict_data` VALUES ('20', '3', '删除', '3', 'sys_oper_type', '', 'danger', 'N', '1', 'admin', '2021-04-27 17:37:39', '', '2021-04-28 23:48:06', '删除操作');
INSERT INTO `sys_dict_data` VALUES ('21', '4', '授权', '4', 'sys_oper_type', '', 'primary', 'N', '1', 'admin', '2021-04-27 17:37:39', '', '2021-04-28 23:48:06', '授权操作');
INSERT INTO `sys_dict_data` VALUES ('22', '5', '导出', '5', 'sys_oper_type', '', 'warning', 'N', '1', 'admin', '2021-04-27 17:37:39', '', '2021-04-28 23:48:06', '导出操作');
INSERT INTO `sys_dict_data` VALUES ('23', '6', '导入', '6', 'sys_oper_type', '', 'warning', 'N', '1', 'admin', '2021-04-27 17:37:39', '', '2021-04-28 23:48:06', '导入操作');
INSERT INTO `sys_dict_data` VALUES ('24', '7', '强退', '7', 'sys_oper_type', '', 'danger', 'N', '1', 'admin', '2021-04-27 17:37:39', '', '2021-04-28 23:48:06', '强退操作');
INSERT INTO `sys_dict_data` VALUES ('25', '8', '生成代码', '8', 'sys_oper_type', '', 'warning', 'N', '1', 'admin', '2021-04-27 17:37:39', '', '2021-04-28 23:48:06', '生成操作');
INSERT INTO `sys_dict_data` VALUES ('26', '9', '清空数据', '9', 'sys_oper_type', '', 'danger', 'N', '1', 'admin', '2021-04-27 17:37:39', '', '2021-04-28 23:48:06', '清空操作');
INSERT INTO `sys_dict_data` VALUES ('27', '1', '成功', '1', 'sys_common_status', '', 'primary', 'N', '1', 'admin', '2021-04-27 17:37:39', '', '2021-04-30 23:10:35', '正常状态');
INSERT INTO `sys_dict_data` VALUES ('28', '2', '失败', '0', 'sys_common_status', '', 'danger', 'N', '1', 'admin', '2021-04-27 17:37:39', '', '2021-04-30 23:10:39', '停用状态');

-- ----------------------------
-- Table structure for sys_dict_type
-- ----------------------------
DROP TABLE IF EXISTS `sys_dict_type`;
CREATE TABLE `sys_dict_type` (
  `dict_id` bigint(20) NOT NULL AUTO_INCREMENT COMMENT '字典主键',
  `dict_name` varchar(100) DEFAULT '' COMMENT '字典名称',
  `dict_type` varchar(100) DEFAULT '' COMMENT '字典类型',
  `status` char(1) DEFAULT '1' COMMENT '状态（1正常 0停用）',
  `create_by` varchar(64) DEFAULT '' COMMENT '创建者',
  `create_time` timestamp NULL DEFAULT CURRENT_TIMESTAMP COMMENT '创建时间',
  `update_by` varchar(64) DEFAULT '' COMMENT '更新者',
  `update_time` timestamp NULL DEFAULT NULL ON UPDATE CURRENT_TIMESTAMP COMMENT '更新时间',
  `remark` varchar(500) DEFAULT NULL COMMENT '备注',
  PRIMARY KEY (`dict_id`),
  UNIQUE KEY `dict_type` (`dict_type`)
) ENGINE=InnoDB AUTO_INCREMENT=100 DEFAULT CHARSET=utf8 COMMENT='字典类型表';

-- ----------------------------
-- Records of sys_dict_type
-- ----------------------------
INSERT INTO `sys_dict_type` VALUES ('1', '用户性别', 'sys_user_sex', '1', 'admin', '2021-04-27 17:37:38', '', '2021-04-29 00:18:45', '用户性别列表');
INSERT INTO `sys_dict_type` VALUES ('2', '菜单状态', 'sys_show_hide', '1', 'admin', '2021-04-27 17:37:38', '', '2021-04-29 00:18:45', '菜单状态列表');
INSERT INTO `sys_dict_type` VALUES ('3', '系统开关', 'sys_normal_disable', '1', 'admin', '2021-04-27 17:37:38', '', '2021-04-29 00:18:45', '系统开关列表');
INSERT INTO `sys_dict_type` VALUES ('4', '任务状态', 'sys_job_status', '1', 'admin', '2021-04-27 17:37:38', '', '2021-04-29 00:18:45', '任务状态列表');
INSERT INTO `sys_dict_type` VALUES ('5', '任务分组', 'sys_job_group', '1', 'admin', '2021-04-27 17:37:38', '', '2021-04-29 00:18:45', '任务分组列表');
INSERT INTO `sys_dict_type` VALUES ('6', '系统是否', 'sys_yes_no', '1', 'admin', '2021-04-27 17:37:38', '', '2021-04-29 00:18:45', '系统是否列表');
INSERT INTO `sys_dict_type` VALUES ('7', '通知类型', 'sys_notice_type', '1', 'admin', '2021-04-27 17:37:38', '', '2021-04-29 00:18:45', '通知类型列表');
INSERT INTO `sys_dict_type` VALUES ('8', '通知状态', 'sys_notice_status', '1', 'admin', '2021-04-27 17:37:38', '', '2021-04-29 00:18:45', '通知状态列表');
INSERT INTO `sys_dict_type` VALUES ('9', '操作类型', 'sys_oper_type', '1', 'admin', '2021-04-27 17:37:38', '', '2021-04-29 00:18:45', '操作类型列表');
INSERT INTO `sys_dict_type` VALUES ('10', '系统状态', 'sys_common_status', '1', 'admin', '2021-04-27 17:37:38', '', '2021-04-29 00:18:45', '登录状态列表');

-- ----------------------------
-- Table structure for sys_job
-- ----------------------------
DROP TABLE IF EXISTS `sys_job`;
CREATE TABLE `sys_job` (
  `job_id` bigint(20) NOT NULL AUTO_INCREMENT COMMENT '任务ID',
  `job_name` varchar(64) NOT NULL DEFAULT '' COMMENT '任务名称',
  `job_group` varchar(64) NOT NULL DEFAULT 'DEFAULT' COMMENT '任务组名',
  `invoke_target` varchar(500) NOT NULL COMMENT '调用目标字符串',
  `cron_expression` varchar(255) DEFAULT '' COMMENT 'cron执行表达式',
  `misfire_policy` varchar(20) DEFAULT '3' COMMENT '计划执行错误策略（1立即执行 2执行一次 3放弃执行）',
  `concurrent` char(1) DEFAULT '1' COMMENT '是否并发执行（0允许 1禁止）',
  `status` char(1) DEFAULT '1' COMMENT '状态（1正常 0暂停）',
  `create_by` varchar(64) DEFAULT '' COMMENT '创建者',
  `create_time` datetime DEFAULT NULL COMMENT '创建时间',
  `update_by` varchar(64) DEFAULT '' COMMENT '更新者',
  `update_time` datetime DEFAULT NULL COMMENT '更新时间',
  `remark` varchar(500) DEFAULT '' COMMENT '备注信息',
  PRIMARY KEY (`job_id`,`job_name`,`job_group`)
) ENGINE=InnoDB AUTO_INCREMENT=100 DEFAULT CHARSET=utf8 COMMENT='定时任务调度表';

-- ----------------------------
-- Records of sys_job
-- ----------------------------
INSERT INTO `sys_job` VALUES ('1', '系统默认（无参）', 'DEFAULT', 'ryTask.ryNoParams', '0/10 * * * * ?', '3', '1', '1', 'admin', '2021-04-27 17:37:39', '', null, '');
INSERT INTO `sys_job` VALUES ('2', '系统默认（有参）', 'DEFAULT', 'ryTask.ryParams(\'ry\')', '0/15 * * * * ?', '3', '1', '1', 'admin', '2021-04-27 17:37:39', '', null, '');
INSERT INTO `sys_job` VALUES ('3', '系统默认（多参）', 'DEFAULT', 'ryTask.ryMultipleParams(\'ry\', true, 2000L, 316.50D, 100)', '0/20 * * * * ?', '3', '1', '1', 'admin', '2021-04-27 17:37:39', '', null, '');

-- ----------------------------
-- Table structure for sys_job_log
-- ----------------------------
DROP TABLE IF EXISTS `sys_job_log`;
CREATE TABLE `sys_job_log` (
  `job_log_id` bigint(20) NOT NULL AUTO_INCREMENT COMMENT '任务日志ID',
  `job_name` varchar(64) NOT NULL COMMENT '任务名称',
  `job_group` varchar(64) NOT NULL COMMENT '任务组名',
  `invoke_target` varchar(500) NOT NULL COMMENT '调用目标字符串',
  `job_message` varchar(500) DEFAULT NULL COMMENT '日志信息',
  `status` char(1) DEFAULT '1' COMMENT '执行状态（1正常 0失败）',
  `exception_info` varchar(2000) DEFAULT '' COMMENT '异常信息',
  `create_time` datetime DEFAULT NULL COMMENT '创建时间',
  PRIMARY KEY (`job_log_id`)
) ENGINE=InnoDB DEFAULT CHARSET=utf8 COMMENT='定时任务调度日志表';

-- ----------------------------
-- Records of sys_job_log
-- ----------------------------

-- ----------------------------
-- Table structure for sys_logininfor
-- ----------------------------
DROP TABLE IF EXISTS `sys_logininfor`;
CREATE TABLE `sys_logininfor` (
  `info_id` bigint(20) NOT NULL AUTO_INCREMENT COMMENT '访问ID',
  `user_name` varchar(50) DEFAULT '' COMMENT '用户账号',
  `ipaddr` varchar(128) DEFAULT '' COMMENT '登录IP地址',
  `status` char(1) DEFAULT '1' COMMENT '登录状态（1成功 0失败）',
  `msg` varchar(255) DEFAULT '' COMMENT '提示信息',
  `access_time` datetime DEFAULT NULL COMMENT '访问时间',
  PRIMARY KEY (`info_id`)
) ENGINE=InnoDB AUTO_INCREMENT=44 DEFAULT CHARSET=utf8 COMMENT='系统访问记录';

-- ----------------------------
-- Records of sys_logininfor
-- ----------------------------

-- ----------------------------
-- Table structure for sys_menu
-- ----------------------------
DROP TABLE IF EXISTS `sys_menu`;
CREATE TABLE `sys_menu` (
  `menu_id` bigint(20) NOT NULL AUTO_INCREMENT COMMENT '菜单ID',
  `menu_name` varchar(50) NOT NULL COMMENT '菜单名称',
  `parent_id` bigint(20) DEFAULT '0' COMMENT '父菜单ID',
  `order_num` int(4) DEFAULT '0' COMMENT '显示顺序',
  `path` varchar(200) DEFAULT '' COMMENT '路由地址',
  `component` varchar(255) DEFAULT NULL COMMENT '组件路径',
  `is_frame` int(1) DEFAULT '0' COMMENT '是否为外链（1是 0否）',
  `is_cache` int(1) DEFAULT '1' COMMENT '是否缓存（1缓存 0不缓存）',
  `menu_type` char(1) DEFAULT '' COMMENT '菜单类型（M目录 C菜单 F按钮）',
  `visible` char(1) DEFAULT '1' COMMENT '菜单状态（1显示 0隐藏）',
  `status` char(1) DEFAULT '1' COMMENT '菜单状态（1正常 0停用）',
  `perms` varchar(100) DEFAULT NULL COMMENT '权限标识',
  `icon` varchar(100) DEFAULT '#' COMMENT '菜单图标',
  `create_by` varchar(64) DEFAULT '' COMMENT '创建者',
  `create_time` timestamp NULL DEFAULT CURRENT_TIMESTAMP COMMENT '创建时间',
  `update_by` varchar(64) DEFAULT '' COMMENT '更新者',
  `update_time` timestamp NULL DEFAULT NULL ON UPDATE CURRENT_TIMESTAMP COMMENT '更新时间',
  `remark` varchar(500) DEFAULT '' COMMENT '备注',
  PRIMARY KEY (`menu_id`)
) ENGINE=InnoDB AUTO_INCREMENT=2000 DEFAULT CHARSET=utf8 COMMENT='菜单权限表';

-- ----------------------------
-- Records of sys_menu
-- ----------------------------
INSERT INTO `sys_menu` VALUES ('1', '系统管理', '0', '1', 'system', null, '0', '1', 'M', '1', '1', '', 'system', 'admin', '2021-04-27 17:37:34', '', '2021-04-29 00:33:11', '系统管理目录');
INSERT INTO `sys_menu` VALUES ('2', '系统监控', '0', '2', 'monitor', null, '0', '1', 'M', '1', '1', '', 'monitor', 'admin', '2021-04-27 17:37:34', '', '2021-04-29 00:33:11', '系统监控目录');
INSERT INTO `sys_menu` VALUES ('100', '用户管理', '1', '1', 'user', 'system/user/index', '0', '1', 'C', '1', '1', 'system:user:list', 'user', 'admin', '2021-04-27 17:37:34', '', '2021-04-29 00:33:11', '用户管理菜单');
INSERT INTO `sys_menu` VALUES ('101', '角色管理', '1', '2', 'role', 'system/role/index', '0', '1', 'C', '1', '1', 'system:role:list', 'peoples', 'admin', '2021-04-27 17:37:34', '', '2021-04-29 00:33:11', '角色管理菜单');
INSERT INTO `sys_menu` VALUES ('102', '菜单管理', '1', '3', 'menu', 'system/menu/index', '0', '1', 'C', '1', '1', 'system:menu:list', 'tree-table', 'admin', '2021-04-27 17:37:34', '', '2021-04-29 00:33:11', '菜单管理菜单');
INSERT INTO `sys_menu` VALUES ('103', '部门管理', '1', '4', 'dept', 'system/dept/index', '0', '1', 'C', '1', '1', 'system:dept:list', 'tree', 'admin', '2021-04-27 17:37:34', '', '2021-04-29 00:33:11', '部门管理菜单');
INSERT INTO `sys_menu` VALUES ('104', '岗位管理', '1', '5', 'post', 'system/post/index', '0', '1', 'C', '1', '1', 'system:post:list', 'post', 'admin', '2021-04-27 17:37:34', '', '2021-04-29 00:33:11', '岗位管理菜单');
INSERT INTO `sys_menu` VALUES ('105', '字典管理', '1', '6', 'dict', 'system/dict/index', '0', '1', 'C', '1', '1', 'system:dict:list', 'dict', 'admin', '2021-04-27 17:37:34', '', '2021-04-29 00:33:11', '字典管理菜单');
INSERT INTO `sys_menu` VALUES ('106', '参数设置', '1', '7', 'config', 'system/config/index', '0', '1', 'C', '1', '1', 'system:config:list', 'edit', 'admin', '2021-04-27 17:37:34', '', '2021-04-29 00:33:11', '参数设置菜单');
INSERT INTO `sys_menu` VALUES ('109', '在线用户', '2', '1', 'online', 'monitor/online/index', '0', '1', 'C', '1', '1', 'monitor:online:list', 'online', 'admin', '2021-04-27 17:37:34', '', '2021-04-29 00:33:11', '在线用户菜单');
INSERT INTO `sys_menu` VALUES ('110', '定时任务', '2', '2', 'job', 'monitor/job/index', '0', '1', 'C', '1', '1', 'monitor:job:list', 'job', 'admin', '2021-04-27 17:37:34', '', '2021-04-29 00:33:11', '定时任务菜单');
INSERT INTO `sys_menu` VALUES ('501', '登录日志', '1', '2', 'logininfor', 'system/logininfor/index', '0', '1', 'C', '1', '1', 'system:logininfor:list', 'logininfor', 'admin', '2021-04-27 17:37:35', 'admin', '2021-04-29 00:33:11', '登录日志菜单');
INSERT INTO `sys_menu` VALUES ('1001', '用户查询', '100', '1', '', '', '0', '1', 'F', '1', '1', 'system:user:query', '#', 'admin', '2021-04-27 17:37:35', '', '2021-04-29 00:33:11', '');
INSERT INTO `sys_menu` VALUES ('1002', '用户新增', '100', '2', '', '', '0', '1', 'F', '1', '1', 'system:user:add', '#', 'admin', '2021-04-27 17:37:35', '', '2021-04-29 00:33:11', '');
INSERT INTO `sys_menu` VALUES ('1003', '用户修改', '100', '3', '', '', '0', '1', 'F', '1', '1', 'system:user:edit', '#', 'admin', '2021-04-27 17:37:35', '', '2021-04-29 00:33:11', '');
INSERT INTO `sys_menu` VALUES ('1004', '用户删除', '100', '4', '', '', '0', '1', 'F', '1', '1', 'system:user:remove', '#', 'admin', '2021-04-27 17:37:35', '', '2021-04-29 00:33:11', '');
INSERT INTO `sys_menu` VALUES ('1005', '用户导出', '100', '5', '', '', '0', '1', 'F', '1', '1', 'system:user:export', '#', 'admin', '2021-04-27 17:37:35', '', '2021-04-29 00:33:11', '');
INSERT INTO `sys_menu` VALUES ('1006', '用户导入', '100', '6', '', '', '0', '1', 'F', '1', '1', 'system:user:import', '#', 'admin', '2021-04-27 17:37:35', '', '2021-04-29 00:33:11', '');
INSERT INTO `sys_menu` VALUES ('1007', '重置密码', '100', '7', '', '', '0', '1', 'F', '1', '1', 'system:user:resetPwd', '#', 'admin', '2021-04-27 17:37:35', '', '2021-04-29 00:33:11', '');
INSERT INTO `sys_menu` VALUES ('1008', '角色查询', '101', '1', '', '', '0', '1', 'F', '1', '1', 'system:role:query', '#', 'admin', '2021-04-27 17:37:35', '', '2021-04-29 00:33:11', '');
INSERT INTO `sys_menu` VALUES ('1009', '角色新增', '101', '2', '', '', '0', '1', 'F', '1', '1', 'system:role:add', '#', 'admin', '2021-04-27 17:37:35', '', '2021-04-29 00:33:11', '');
INSERT INTO `sys_menu` VALUES ('1010', '角色修改', '101', '3', '', '', '0', '1', 'F', '1', '1', 'system:role:edit', '#', 'admin', '2021-04-27 17:37:35', '', '2021-04-29 00:33:11', '');
INSERT INTO `sys_menu` VALUES ('1011', '角色删除', '101', '4', '', '', '0', '1', 'F', '1', '1', 'system:role:remove', '#', 'admin', '2021-04-27 17:37:35', '', '2021-04-29 00:33:11', '');
INSERT INTO `sys_menu` VALUES ('1012', '角色导出', '101', '5', '', '', '0', '1', 'F', '1', '1', 'system:role:export', '#', 'admin', '2021-04-27 17:37:35', '', '2021-04-29 00:33:11', '');
INSERT INTO `sys_menu` VALUES ('1013', '菜单查询', '102', '1', '', '', '0', '1', 'F', '1', '1', 'system:menu:query', '#', 'admin', '2021-04-27 17:37:35', '', '2021-04-29 00:33:11', '');
INSERT INTO `sys_menu` VALUES ('1014', '菜单新增', '102', '2', '', '', '0', '1', 'F', '1', '1', 'system:menu:add', '#', 'admin', '2021-04-27 17:37:35', '', '2021-04-29 00:33:11', '');
INSERT INTO `sys_menu` VALUES ('1015', '菜单修改', '102', '3', '', '', '0', '1', 'F', '1', '1', 'system:menu:edit', '#', 'admin', '2021-04-27 17:37:35', '', '2021-04-29 00:33:11', '');
INSERT INTO `sys_menu` VALUES ('1016', '菜单删除', '102', '4', '', '', '0', '1', 'F', '1', '1', 'system:menu:remove', '#', 'admin', '2021-04-27 17:37:35', '', '2021-04-29 00:33:11', '');
INSERT INTO `sys_menu` VALUES ('1017', '部门查询', '103', '1', '', '', '0', '1', 'F', '1', '1', 'system:dept:query', '#', 'admin', '2021-04-27 17:37:35', '', '2021-04-29 00:33:11', '');
INSERT INTO `sys_menu` VALUES ('1018', '部门新增', '103', '2', '', '', '0', '1', 'F', '1', '1', 'system:dept:add', '#', 'admin', '2021-04-27 17:37:35', '', '2021-04-29 00:33:11', '');
INSERT INTO `sys_menu` VALUES ('1019', '部门修改', '103', '3', '', '', '0', '1', 'F', '1', '1', 'system:dept:edit', '#', 'admin', '2021-04-27 17:37:35', '', '2021-04-29 00:33:11', '');
INSERT INTO `sys_menu` VALUES ('1020', '部门删除', '103', '4', '', '', '0', '1', 'F', '1', '1', 'system:dept:remove', '#', 'admin', '2021-04-27 17:37:35', '', '2021-04-29 00:33:11', '');
INSERT INTO `sys_menu` VALUES ('1021', '岗位查询', '104', '1', '', '', '0', '1', 'F', '1', '1', 'system:post:query', '#', 'admin', '2021-04-27 17:37:35', '', '2021-04-29 00:33:11', '');
INSERT INTO `sys_menu` VALUES ('1022', '岗位新增', '104', '2', '', '', '0', '1', 'F', '1', '1', 'system:post:add', '#', 'admin', '2021-04-27 17:37:35', '', '2021-04-29 00:33:11', '');
INSERT INTO `sys_menu` VALUES ('1023', '岗位修改', '104', '3', '', '', '0', '1', 'F', '1', '1', 'system:post:edit', '#', 'admin', '2021-04-27 17:37:35', '', '2021-04-29 00:33:11', '');
INSERT INTO `sys_menu` VALUES ('1024', '岗位删除', '104', '4', '', '', '0', '1', 'F', '1', '1', 'system:post:remove', '#', 'admin', '2021-04-27 17:37:35', '', '2021-04-29 00:33:11', '');
INSERT INTO `sys_menu` VALUES ('1025', '岗位导出', '104', '5', '', '', '0', '1', 'F', '1', '1', 'system:post:export', '#', 'admin', '2021-04-27 17:37:35', '', '2021-04-29 00:33:11', '');
INSERT INTO `sys_menu` VALUES ('1026', '字典查询', '105', '1', '#', '', '0', '1', 'F', '1', '1', 'system:dict:query', '#', 'admin', '2021-04-27 17:37:35', '', '2021-04-29 00:33:11', '');
INSERT INTO `sys_menu` VALUES ('1027', '字典新增', '105', '2', '#', '', '0', '1', 'F', '1', '1', 'system:dict:add', '#', 'admin', '2021-04-27 17:37:35', '', '2021-04-29 00:33:11', '');
INSERT INTO `sys_menu` VALUES ('1028', '字典修改', '105', '3', '#', '', '0', '1', 'F', '1', '1', 'system:dict:edit', '#', 'admin', '2021-04-27 17:37:35', '', '2021-04-29 00:33:11', '');
INSERT INTO `sys_menu` VALUES ('1029', '字典删除', '105', '4', '#', '', '0', '1', 'F', '1', '1', 'system:dict:remove', '#', 'admin', '2021-04-27 17:37:35', '', '2021-04-29 00:33:11', '');
INSERT INTO `sys_menu` VALUES ('1030', '字典导出', '105', '5', '#', '', '0', '1', 'F', '1', '1', 'system:dict:export', '#', 'admin', '2021-04-27 17:37:35', '', '2021-04-29 00:33:11', '');
INSERT INTO `sys_menu` VALUES ('1031', '参数查询', '106', '1', '#', '', '0', '1', 'F', '1', '1', 'system:config:query', '#', 'admin', '2021-04-27 17:37:35', '', '2021-04-29 00:33:11', '');
INSERT INTO `sys_menu` VALUES ('1032', '参数新增', '106', '2', '#', '', '0', '1', 'F', '1', '1', 'system:config:add', '#', 'admin', '2021-04-27 17:37:35', '', '2021-04-29 00:33:11', '');
INSERT INTO `sys_menu` VALUES ('1033', '参数修改', '106', '3', '#', '', '0', '1', 'F', '1', '1', 'system:config:edit', '#', 'admin', '2021-04-27 17:37:35', '', '2021-04-29 00:33:11', '');
INSERT INTO `sys_menu` VALUES ('1034', '参数删除', '106', '4', '#', '', '0', '1', 'F', '1', '1', 'system:config:remove', '#', 'admin', '2021-04-27 17:37:35', '', '2021-04-29 00:33:11', '');
INSERT INTO `sys_menu` VALUES ('1035', '参数导出', '106', '5', '#', '', '0', '1', 'F', '1', '1', 'system:config:export', '#', 'admin', '2021-04-27 17:37:35', '', '2021-04-29 00:33:11', '');
INSERT INTO `sys_menu` VALUES ('1048', '登录查询', '501', '1', '#', '', '0', '1', 'F', '1', '1', 'system:logininfor:query', '#', 'admin', '2021-04-27 17:37:35', '', '2021-04-29 00:33:11', '');
INSERT INTO `sys_menu` VALUES ('1049', '登录删除', '501', '2', '#', '', '0', '1', 'F', '1', '1', 'system:logininfor:remove', '#', 'admin', '2021-04-27 17:37:35', '', '2021-04-29 00:33:11', '');
INSERT INTO `sys_menu` VALUES ('1050', '日志导出', '501', '3', '#', '', '0', '1', 'F', '1', '1', 'system:logininfor:export', '#', 'admin', '2021-04-27 17:37:35', '', '2021-04-29 00:33:11', '');
INSERT INTO `sys_menu` VALUES ('1051', '在线查询', '109', '1', '#', '', '0', '1', 'F', '1', '1', 'monitor:online:query', '#', 'admin', '2021-04-27 17:37:35', '', '2021-04-29 00:33:11', '');
INSERT INTO `sys_menu` VALUES ('1052', '批量强退', '109', '2', '#', '', '0', '1', 'F', '1', '1', 'monitor:online:batchLogout', '#', 'admin', '2021-04-27 17:37:35', '', '2021-04-29 00:33:11', '');
INSERT INTO `sys_menu` VALUES ('1053', '单条强退', '109', '3', '#', '', '0', '1', 'F', '1', '1', 'monitor:online:forceLogout', '#', 'admin', '2021-04-27 17:37:35', '', '2021-04-29 00:33:12', '');
INSERT INTO `sys_menu` VALUES ('1054', '任务查询', '110', '1', '#', '', '0', '1', 'F', '1', '1', 'monitor:job:query', '#', 'admin', '2021-04-27 17:37:35', '', '2021-04-29 00:33:12', '');
INSERT INTO `sys_menu` VALUES ('1055', '任务新增', '110', '2', '#', '', '0', '1', 'F', '1', '1', 'monitor:job:add', '#', 'admin', '2021-04-27 17:37:36', '', '2021-04-29 00:33:12', '');
INSERT INTO `sys_menu` VALUES ('1056', '任务修改', '110', '3', '#', '', '0', '1', 'F', '1', '1', 'monitor:job:edit', '#', 'admin', '2021-04-27 17:37:36', '', '2021-04-29 00:33:12', '');
INSERT INTO `sys_menu` VALUES ('1057', '任务删除', '110', '4', '#', '', '0', '1', 'F', '1', '1', 'monitor:job:remove', '#', 'admin', '2021-04-27 17:37:36', '', '2021-04-29 00:33:12', '');
INSERT INTO `sys_menu` VALUES ('1058', '状态修改', '110', '5', '#', '', '0', '1', 'F', '1', '1', 'monitor:job:changeStatus', '#', 'admin', '2021-04-27 17:37:36', '', '2021-04-29 00:33:12', '');
INSERT INTO `sys_menu` VALUES ('1059', '任务导出', '110', '7', '#', '', '0', '1', 'F', '1', '1', 'monitor:job:export', '#', 'admin', '2021-04-27 17:37:36', '', '2021-04-29 00:33:12', '');

-- ----------------------------
-- Table structure for sys_oper_log
-- ----------------------------
DROP TABLE IF EXISTS `sys_oper_log`;
CREATE TABLE `sys_oper_log` (
  `oper_id` bigint(20) NOT NULL AUTO_INCREMENT COMMENT '日志主键',
  `title` varchar(50) DEFAULT '' COMMENT '模块标题',
  `business_type` int(2) DEFAULT '0' COMMENT '业务类型（0其它 1新增 2修改 3删除）',
  `method` varchar(100) DEFAULT '' COMMENT '方法名称',
  `request_method` varchar(10) DEFAULT '' COMMENT '请求方式',
  `operator_type` int(1) DEFAULT '0' COMMENT '操作类别（0其它 1后台用户 2手机端用户）',
  `oper_name` varchar(50) DEFAULT '' COMMENT '操作人员',
  `dept_name` varchar(50) DEFAULT '' COMMENT '部门名称',
  `oper_url` varchar(255) DEFAULT '' COMMENT '请求URL',
  `oper_ip` varchar(128) DEFAULT '' COMMENT '主机地址',
  `oper_location` varchar(255) DEFAULT '' COMMENT '操作地点',
  `oper_param` varchar(2000) DEFAULT '' COMMENT '请求参数',
  `json_result` varchar(2000) DEFAULT '' COMMENT '返回参数',
  `status` int(1) DEFAULT '1' COMMENT '操作状态（1正常 0异常）',
  `error_msg` varchar(2000) DEFAULT '' COMMENT '错误消息',
  `oper_time` datetime DEFAULT NULL COMMENT '操作时间',
  PRIMARY KEY (`oper_id`)
) ENGINE=InnoDB AUTO_INCREMENT=100 DEFAULT CHARSET=utf8 COMMENT='操作日志记录';

-- ----------------------------
-- Records of sys_oper_log
-- ----------------------------

-- ----------------------------
-- Table structure for sys_post
-- ----------------------------
DROP TABLE IF EXISTS `sys_post`;
CREATE TABLE `sys_post` (
  `post_id` bigint(20) NOT NULL AUTO_INCREMENT COMMENT '岗位ID',
  `post_code` varchar(64) NOT NULL COMMENT '岗位编码',
  `post_name` varchar(50) NOT NULL COMMENT '岗位名称',
  `post_sort` int(4) NOT NULL COMMENT '显示顺序',
  `status` char(1) NOT NULL DEFAULT '1' COMMENT '状态（1正常 0停用）',
  `create_by` varchar(64) DEFAULT '' COMMENT '创建者',
  `create_time` timestamp NULL DEFAULT CURRENT_TIMESTAMP COMMENT '创建时间',
  `update_by` varchar(64) DEFAULT '' COMMENT '更新者',
  `update_time` timestamp NULL DEFAULT NULL ON UPDATE CURRENT_TIMESTAMP COMMENT '更新时间',
  `remark` varchar(500) DEFAULT NULL COMMENT '备注',
  PRIMARY KEY (`post_id`)
) ENGINE=InnoDB AUTO_INCREMENT=5 DEFAULT CHARSET=utf8 COMMENT='岗位信息表';

-- ----------------------------
-- Records of sys_post
-- ----------------------------
INSERT INTO `sys_post` VALUES ('1', 'ceo', '董事长', '1', '1', 'admin', '2021-04-27 17:37:34', '', '2021-04-29 00:17:51', '');
INSERT INTO `sys_post` VALUES ('2', 'se', '项目经理', '2', '1', 'admin', '2021-04-27 17:37:34', '', '2021-04-29 00:17:51', '');
INSERT INTO `sys_post` VALUES ('3', 'hr', '人力资源', '3', '1', 'admin', '2021-04-27 17:37:34', '', '2021-04-29 00:17:51', '');
INSERT INTO `sys_post` VALUES ('4', 'user', '普通员工', '4', '1', 'admin', '2021-04-27 17:37:34', '', '2021-04-29 00:17:51', '');

-- ----------------------------
-- Table structure for sys_role
-- ----------------------------
DROP TABLE IF EXISTS `sys_role`;
CREATE TABLE `sys_role` (
  `role_id` bigint(20) NOT NULL AUTO_INCREMENT COMMENT '角色ID',
  `role_name` varchar(30) NOT NULL COMMENT '角色名称',
  `role_key` varchar(100) NOT NULL COMMENT '角色权限字符串',
  `role_sort` int(4) NOT NULL COMMENT '显示顺序',
  `data_scope` char(1) DEFAULT '1' COMMENT '数据范围（1：全部数据权限 2：自定数据权限 3：本部门数据权限 4：本部门及以下数据权限）',
  `menu_check_strictly` tinyint(1) DEFAULT '1' COMMENT '菜单树选择项是否关联显示',
  `dept_check_strictly` tinyint(1) DEFAULT '1' COMMENT '部门树选择项是否关联显示',
  `status` char(1) NOT NULL COMMENT '角色状态（0正常 1停用）',
  `del_flag` char(1) DEFAULT '0' COMMENT '删除标志（0代表存在 1代表删除）',
  `create_by` varchar(64) DEFAULT '' COMMENT '创建者',
  `create_time` timestamp NULL DEFAULT CURRENT_TIMESTAMP COMMENT '创建时间',
  `update_by` varchar(64) DEFAULT '' COMMENT '更新者',
  `update_time` timestamp NULL DEFAULT NULL ON UPDATE CURRENT_TIMESTAMP COMMENT '更新时间',
  `remark` varchar(500) DEFAULT NULL COMMENT '备注',
  PRIMARY KEY (`role_id`)
) ENGINE=InnoDB AUTO_INCREMENT=102 DEFAULT CHARSET=utf8 COMMENT='角色信息表';

-- ----------------------------
-- Records of sys_role
-- ----------------------------
INSERT INTO `sys_role` VALUES ('1', '超级管理员', 'admin', '1', '1', '1', '1', '1', '0', 'admin', '2021-04-27 17:37:34', '', '2021-04-29 00:19:41', '超级管理员');
INSERT INTO `sys_role` VALUES ('2', '普通角色', 'common', '2', '2', '1', '1', '1', '1', 'admin', '2021-04-27 17:37:34', '', '2021-04-29 00:19:45', '普通角色');
INSERT INTO `sys_role` VALUES ('100', '运营', 'operator', '1', '1', '1', '1', '1', '0', 'admin', '2021-04-28 21:34:42', 'admin', '2021-04-29 00:19:41', null);
INSERT INTO `sys_role` VALUES ('101', '11', '1', '0', '1', '1', '1', '0', '1', 'admin', '2021-04-30 11:02:06', '', '2021-04-30 11:02:10', '1');

-- ----------------------------
-- Table structure for sys_role_dept
-- ----------------------------
DROP TABLE IF EXISTS `sys_role_dept`;
CREATE TABLE `sys_role_dept` (
  `role_id` bigint(20) NOT NULL COMMENT '角色ID',
  `dept_id` bigint(20) NOT NULL COMMENT '部门ID',
  PRIMARY KEY (`role_id`,`dept_id`)
) ENGINE=InnoDB DEFAULT CHARSET=utf8 COMMENT='角色和部门关联表';

-- ----------------------------
-- Records of sys_role_dept
-- ----------------------------

-- ----------------------------
-- Table structure for sys_role_menu
-- ----------------------------
DROP TABLE IF EXISTS `sys_role_menu`;
CREATE TABLE `sys_role_menu` (
  `role_id` bigint(20) NOT NULL COMMENT '角色ID',
  `menu_id` bigint(20) NOT NULL COMMENT '菜单ID',
  PRIMARY KEY (`role_id`,`menu_id`)
) ENGINE=InnoDB DEFAULT CHARSET=utf8 COMMENT='角色和菜单关联表';

-- ----------------------------
-- Records of sys_role_menu
-- ----------------------------
INSERT INTO `sys_role_menu` VALUES ('100', '1');
INSERT INTO `sys_role_menu` VALUES ('100', '100');
INSERT INTO `sys_role_menu` VALUES ('100', '1001');
INSERT INTO `sys_role_menu` VALUES ('100', '1002');
INSERT INTO `sys_role_menu` VALUES ('100', '1003');
INSERT INTO `sys_role_menu` VALUES ('100', '1004');
INSERT INTO `sys_role_menu` VALUES ('100', '1005');
INSERT INTO `sys_role_menu` VALUES ('100', '1006');
INSERT INTO `sys_role_menu` VALUES ('100', '1007');

-- ----------------------------
-- Table structure for sys_user
-- ----------------------------
DROP TABLE IF EXISTS `sys_user`;
CREATE TABLE `sys_user` (
  `user_id` bigint(20) NOT NULL AUTO_INCREMENT COMMENT '用户ID',
  `dept_id` bigint(20) DEFAULT NULL COMMENT '部门ID',
  `user_name` varchar(30) NOT NULL COMMENT '用户账号',
  `nick_name` varchar(30) NOT NULL COMMENT '用户昵称',
  `user_type` varchar(2) DEFAULT '00' COMMENT '用户类型（00系统用户）',
  `email` varchar(50) DEFAULT '' COMMENT '用户邮箱',
  `phonenumber` varchar(11) DEFAULT '' COMMENT '手机号码',
  `sex` char(1) DEFAULT '0' COMMENT '用户性别（0男 1女 2未知）',
  `avatar` varchar(100) DEFAULT '' COMMENT '头像地址',
  `password` varchar(100) DEFAULT '' COMMENT '密码',
  `status` char(1) DEFAULT '1' COMMENT '帐号状态（1正常 0停用）',
  `del_flag` char(1) DEFAULT '0' COMMENT '删除标志（0代表存在 1代表删除）',
  `login_ip` varchar(128) DEFAULT '' COMMENT '最后登录IP',
  `login_date` datetime DEFAULT NULL COMMENT '最后登录时间',
  `create_by` varchar(64) DEFAULT '' COMMENT '创建者',
  `create_time` timestamp NULL DEFAULT CURRENT_TIMESTAMP COMMENT '创建时间',
  `update_by` varchar(64) DEFAULT '' COMMENT '更新者',
  `update_time` timestamp NULL DEFAULT NULL ON UPDATE CURRENT_TIMESTAMP COMMENT '更新时间',
  `remark` varchar(500) DEFAULT NULL COMMENT '备注',
  PRIMARY KEY (`user_id`)
) ENGINE=InnoDB AUTO_INCREMENT=100 DEFAULT CHARSET=utf8 COMMENT='用户信息表';

-- ----------------------------
-- Records of sys_user
-- ----------------------------
INSERT INTO `sys_user` VALUES ('1', '103', 'admin', 'light4j', '00', 'ry@163.com', '15888888888', '0', '', '$2a$10$7JB720yubVSZvUI0rEqK/.VqGOZTH.ulu33dHOiBE8ByOhJIrdAu2', '1', '0', '127.0.0.1', '2021-04-27 17:37:34', 'admin', '2021-04-27 17:37:34', '', '2021-04-30 23:39:35', '管理员');
INSERT INTO `sys_user` VALUES ('2', '105', 'ry', '若依', '00', 'ry@qq.com', '15666666666', '1', '', '$2a$10$7JB720yubVSZvUI0rEqK/.VqGOZTH.ulu33dHOiBE8ByOhJIrdAu2', '1', '0', '127.0.0.1', '2021-04-27 17:37:34', 'admin', '2021-04-27 17:37:34', '', '2021-04-28 23:53:40', '测试员');

-- ----------------------------
-- Table structure for sys_user_post
-- ----------------------------
DROP TABLE IF EXISTS `sys_user_post`;
CREATE TABLE `sys_user_post` (
  `user_id` bigint(20) NOT NULL COMMENT '用户ID',
  `post_id` bigint(20) NOT NULL COMMENT '岗位ID',
  PRIMARY KEY (`user_id`,`post_id`)
) ENGINE=InnoDB DEFAULT CHARSET=utf8 COMMENT='用户与岗位关联表';

-- ----------------------------
-- Records of sys_user_post
-- ----------------------------
INSERT INTO `sys_user_post` VALUES ('1', '1');

-- ----------------------------
-- Table structure for sys_user_role
-- ----------------------------
DROP TABLE IF EXISTS `sys_user_role`;
CREATE TABLE `sys_user_role` (
  `user_id` bigint(20) NOT NULL COMMENT '用户ID',
  `role_id` bigint(20) NOT NULL COMMENT '角色ID',
  PRIMARY KEY (`user_id`,`role_id`)
) ENGINE=InnoDB DEFAULT CHARSET=utf8 COMMENT='用户和角色关联表';

-- ----------------------------
-- Records of sys_user_role
-- ----------------------------
INSERT INTO `sys_user_role` VALUES ('1', '1');
